,fecha,periodo,dif
16056,2019-04-01,1.0,-24.0
16057,2019-04-01,2.0,-20.0
16058,2019-04-01,3.0,-18.0
16059,2019-04-01,4.0,19.0
16060,2019-04-01,5.0,45.0
16061,2019-04-01,6.0,86.0
16062,2019-04-01,7.0,291.0
16063,2019-04-01,8.0,679.0
16064,2019-04-01,9.0,841.0
16065,2019-04-01,10.0,1041.0
16066,2019-04-01,11.0,1137.0
16067,2019-04-01,12.0,1238.0
16068,2019-04-01,13.0,1194.0
16069,2019-04-01,14.0,1248.0
16070,2019-04-01,15.0,1183.0
16071,2019-04-01,16.0,1264.0
16072,2019-04-01,17.0,1389.0
16073,2019-04-01,18.0,1578.0
16074,2019-04-01,19.0,1755.0
16075,2019-04-01,20.0,1478.0
16076,2019-04-01,21.0,1421.0
16077,2019-04-01,22.0,1409.0
16078,2019-04-01,23.0,1128.0
16079,2019-04-01,24.0,937.0
16080,2019-04-02,1.0,-80.0
16081,2019-04-02,2.0,-6.0
16082,2019-04-02,3.0,-15.0
16083,2019-04-02,4.0,3.0
16084,2019-04-02,5.0,44.0
16085,2019-04-02,6.0,54.0
16086,2019-04-02,7.0,320.0
16087,2019-04-02,8.0,1523.0
16088,2019-04-02,9.0,1893.0
16089,2019-04-02,10.0,2081.0
16090,2019-04-02,11.0,2084.0
16091,2019-04-02,12.0,2126.0
16092,2019-04-02,13.0,1997.0
16093,2019-04-02,14.0,2214.0
16094,2019-04-02,15.0,2356.0
16095,2019-04-02,16.0,2893.0
16096,2019-04-02,17.0,3346.0
16097,2019-04-02,18.0,3191.0
16098,2019-04-02,19.0,3300.0
16099,2019-04-02,20.0,3154.0
16100,2019-04-02,21.0,2708.0
16101,2019-04-02,22.0,2536.0
16102,2019-04-02,23.0,2630.0
16103,2019-04-02,24.0,3225.0
16104,2019-04-03,1.0,9.0
16105,2019-04-03,2.0,-16.0
16106,2019-04-03,3.0,-34.0
16107,2019-04-03,4.0,56.0
16108,2019-04-03,5.0,80.0
16109,2019-04-03,6.0,360.0
16110,2019-04-03,7.0,1016.0
16111,2019-04-03,8.0,1959.0
16112,2019-04-03,9.0,2390.0
16113,2019-04-03,10.0,2064.0
16114,2019-04-03,11.0,4324.0
16115,2019-04-03,12.0,4349.0
16116,2019-04-03,13.0,4650.0
16117,2019-04-03,14.0,4942.0
16118,2019-04-03,15.0,4143.0
16119,2019-04-03,16.0,3911.0
16120,2019-04-03,17.0,3635.0
16121,2019-04-03,18.0,4205.0
16122,2019-04-03,19.0,4788.0
16123,2019-04-03,20.0,4211.0
16124,2019-04-03,21.0,4418.0
16125,2019-04-03,22.0,4053.0
16126,2019-04-03,23.0,4420.0
16127,2019-04-03,24.0,4384.0
16128,2019-04-04,1.0,-77.0
16129,2019-04-04,2.0,-276.0
16130,2019-04-04,3.0,-414.0
16131,2019-04-04,4.0,-329.0
16132,2019-04-04,5.0,-73.0
16133,2019-04-04,6.0,228.0
16134,2019-04-04,7.0,863.0
16135,2019-04-04,8.0,1547.0
16136,2019-04-04,9.0,2448.0
16137,2019-04-04,10.0,2747.0
16138,2019-04-04,11.0,4249.0
16139,2019-04-04,12.0,4737.0
16140,2019-04-04,13.0,4851.0
16141,2019-04-04,14.0,5025.0
16142,2019-04-04,15.0,4776.0
16143,2019-04-04,16.0,4424.0
16144,2019-04-04,17.0,4288.0
16145,2019-04-04,18.0,4392.0
16146,2019-04-04,19.0,4454.0
16147,2019-04-04,20.0,4409.0
16148,2019-04-04,21.0,4395.0
16149,2019-04-04,22.0,3638.0
16150,2019-04-04,23.0,4838.0
16151,2019-04-04,24.0,4164.0
16152,2019-04-05,1.0,-71.0
16153,2019-04-05,2.0,-524.0
16154,2019-04-05,3.0,-758.0
16155,2019-04-05,4.0,-1188.0
16156,2019-04-05,5.0,-732.0
16157,2019-04-05,6.0,-369.0
16158,2019-04-05,7.0,2657.0
16159,2019-04-05,8.0,3972.0
16160,2019-04-05,9.0,5363.0
16161,2019-04-05,10.0,4943.0
16162,2019-04-05,11.0,5104.0
16163,2019-04-05,12.0,5318.0
16164,2019-04-05,13.0,5404.0
16165,2019-04-05,14.0,5414.0
16166,2019-04-05,15.0,5167.0
16167,2019-04-05,16.0,5011.0
16168,2019-04-05,17.0,4951.0
16169,2019-04-05,18.0,4820.0
16170,2019-04-05,19.0,4837.0
16171,2019-04-05,20.0,5101.0
16172,2019-04-05,21.0,5127.0
16173,2019-04-05,22.0,5333.0
16174,2019-04-05,23.0,5114.0
16175,2019-04-05,24.0,4730.0
16176,2019-04-06,1.0,39.0
16177,2019-04-06,2.0,182.0
16178,2019-04-06,3.0,-226.0
16179,2019-04-06,4.0,1003.0
16180,2019-04-06,5.0,278.0
16181,2019-04-06,6.0,1220.0
16182,2019-04-06,7.0,2885.0
16183,2019-04-06,8.0,5051.0
16184,2019-04-06,9.0,4813.0
16185,2019-04-06,10.0,5215.0
16186,2019-04-06,11.0,5517.0
16187,2019-04-06,12.0,5281.0
16188,2019-04-06,13.0,4499.0
16189,2019-04-06,14.0,5025.0
16190,2019-04-06,15.0,3967.0
16191,2019-04-06,16.0,3726.0
16192,2019-04-06,17.0,3091.0
16193,2019-04-06,18.0,3524.0
16194,2019-04-06,19.0,4082.0
16195,2019-04-06,20.0,4689.0
16196,2019-04-06,21.0,5838.0
16197,2019-04-06,22.0,5924.0
16198,2019-04-06,23.0,6036.0
16199,2019-04-06,24.0,5390.0
16200,2019-04-07,1.0,1.0
16201,2019-04-07,2.0,-599.0
16202,2019-04-07,3.0,-899.0
16203,2019-04-07,4.0,76.0
16204,2019-04-07,5.0,313.0
16205,2019-04-07,6.0,-17.0
16206,2019-04-07,7.0,254.0
16207,2019-04-07,8.0,4303.0
16208,2019-04-07,9.0,5195.0
16209,2019-04-07,10.0,5439.0
16210,2019-04-07,11.0,5588.0
16211,2019-04-07,12.0,5615.0
16212,2019-04-07,13.0,5563.0
16213,2019-04-07,14.0,5606.0
16214,2019-04-07,15.0,5545.0
16215,2019-04-07,16.0,5429.0
16216,2019-04-07,17.0,5448.0
16217,2019-04-07,18.0,5317.0
16218,2019-04-07,19.0,5215.0
16219,2019-04-07,20.0,5306.0
16220,2019-04-07,21.0,5515.0
16221,2019-04-07,22.0,4501.0
16222,2019-04-07,23.0,5053.0
16223,2019-04-07,24.0,5465.0
16224,2019-04-08,1.0,-89.0
16225,2019-04-08,2.0,-234.0
16226,2019-04-08,3.0,-637.0
16227,2019-04-08,4.0,-229.0
16228,2019-04-08,5.0,1.0
16229,2019-04-08,6.0,620.0
16230,2019-04-08,7.0,678.0
16231,2019-04-08,8.0,3394.0
16232,2019-04-08,9.0,3118.0
16233,2019-04-08,10.0,2714.0
16234,2019-04-08,11.0,2743.0
16235,2019-04-08,12.0,3143.0
16236,2019-04-08,13.0,3503.0
16237,2019-04-08,14.0,3912.0
16238,2019-04-08,15.0,4300.0
16239,2019-04-08,16.0,4736.0
16240,2019-04-08,17.0,5118.0
16241,2019-04-08,18.0,5050.0
16242,2019-04-08,19.0,4989.0
16243,2019-04-08,20.0,4510.0
16244,2019-04-08,21.0,3702.0
16245,2019-04-08,22.0,2410.0
16246,2019-04-08,23.0,3935.0
16247,2019-04-08,24.0,4203.0
16248,2019-04-09,1.0,-166.0
16249,2019-04-09,2.0,-45.0
16250,2019-04-09,3.0,-147.0
16251,2019-04-09,4.0,101.0
16252,2019-04-09,5.0,718.0
16253,2019-04-09,6.0,1623.0
16254,2019-04-09,7.0,3528.0
16255,2019-04-09,8.0,4228.0
16256,2019-04-09,9.0,5084.0
16257,2019-04-09,10.0,5137.0
16258,2019-04-09,11.0,5691.0
16259,2019-04-09,12.0,5594.0
16260,2019-04-09,13.0,5642.0
16261,2019-04-09,14.0,5111.0
16262,2019-04-09,15.0,4792.0
16263,2019-04-09,16.0,4812.0
16264,2019-04-09,17.0,4728.0
16265,2019-04-09,18.0,4725.0
16266,2019-04-09,19.0,4681.0
16267,2019-04-09,20.0,5072.0
16268,2019-04-09,21.0,5831.0
16269,2019-04-09,22.0,5290.0
16270,2019-04-09,23.0,5561.0
16271,2019-04-09,24.0,4668.0
16272,2019-04-10,1.0,-626.0
16273,2019-04-10,2.0,-664.0
16274,2019-04-10,3.0,-1019.0
16275,2019-04-10,4.0,-357.0
16276,2019-04-10,5.0,-345.0
16277,2019-04-10,6.0,485.0
16278,2019-04-10,7.0,3460.0
16279,2019-04-10,8.0,4488.0
16280,2019-04-10,9.0,2077.0
16281,2019-04-10,10.0,4851.0
16282,2019-04-10,11.0,5158.0
16283,2019-04-10,12.0,5127.0
16284,2019-04-10,13.0,5201.0
16285,2019-04-10,14.0,5117.0
16286,2019-04-10,15.0,5187.0
16287,2019-04-10,16.0,5328.0
16288,2019-04-10,17.0,4991.0
16289,2019-04-10,18.0,5068.0
16290,2019-04-10,19.0,4624.0
16291,2019-04-10,20.0,4814.0
16292,2019-04-10,21.0,4866.0
16293,2019-04-10,22.0,2003.0
16294,2019-04-10,23.0,4931.0
16295,2019-04-10,24.0,4132.0
16296,2019-04-11,1.0,-18.0
16297,2019-04-11,2.0,-42.0
16298,2019-04-11,3.0,-151.0
16299,2019-04-11,4.0,-93.0
16300,2019-04-11,5.0,156.0
16301,2019-04-11,6.0,528.0
16302,2019-04-11,7.0,1214.0
16303,2019-04-11,8.0,2505.0
16304,2019-04-11,9.0,2752.0
16305,2019-04-11,10.0,3096.0
16306,2019-04-11,11.0,4481.0
16307,2019-04-11,12.0,4860.0
16308,2019-04-11,13.0,4867.0
16309,2019-04-11,14.0,4934.0
16310,2019-04-11,15.0,5174.0
16311,2019-04-11,16.0,5388.0
16312,2019-04-11,17.0,5006.0
16313,2019-04-11,18.0,5425.0
16314,2019-04-11,19.0,5384.0
16315,2019-04-11,20.0,5438.0
16316,2019-04-11,21.0,4987.0
16317,2019-04-11,22.0,3997.0
16318,2019-04-11,23.0,5100.0
16319,2019-04-11,24.0,4194.0
16320,2019-04-12,1.0,-9.0
16321,2019-04-12,2.0,-64.0
16322,2019-04-12,3.0,-217.0
16323,2019-04-12,4.0,-59.0
16324,2019-04-12,5.0,92.0
16325,2019-04-12,6.0,343.0
16326,2019-04-12,7.0,1251.0
16327,2019-04-12,8.0,2758.0
16328,2019-04-12,9.0,3097.0
16329,2019-04-12,10.0,2936.0
16330,2019-04-12,11.0,3716.0
16331,2019-04-12,12.0,4819.0
16332,2019-04-12,13.0,5006.0
16333,2019-04-12,14.0,5147.0
16334,2019-04-12,15.0,4859.0
16335,2019-04-12,16.0,4909.0
16336,2019-04-12,17.0,5080.0
16337,2019-04-12,18.0,5170.0
16338,2019-04-12,19.0,5037.0
16339,2019-04-12,20.0,5211.0
16340,2019-04-12,21.0,4603.0
16341,2019-04-12,22.0,3205.0
16342,2019-04-12,23.0,4300.0
16343,2019-04-12,24.0,4191.0
16344,2019-04-13,1.0,-125.0
16345,2019-04-13,2.0,0.0
16346,2019-04-13,3.0,0.0
16347,2019-04-13,4.0,-2.0
16348,2019-04-13,5.0,-1.0
16349,2019-04-13,6.0,72.0
16350,2019-04-13,7.0,556.0
16351,2019-04-13,8.0,1488.0
16352,2019-04-13,9.0,2840.0
16353,2019-04-13,10.0,2212.0
16354,2019-04-13,11.0,2718.0
16355,2019-04-13,12.0,3279.0
16356,2019-04-13,13.0,3837.0
16357,2019-04-13,14.0,3851.0
16358,2019-04-13,15.0,4111.0
16359,2019-04-13,16.0,4648.0
16360,2019-04-13,17.0,4539.0
16361,2019-04-13,18.0,4807.0
16362,2019-04-13,19.0,4677.0
16363,2019-04-13,20.0,4309.0
16364,2019-04-13,21.0,3530.0
16365,2019-04-13,22.0,2342.0
16366,2019-04-13,23.0,2892.0
16367,2019-04-13,24.0,2745.0
16368,2019-04-14,1.0,-65.0
16369,2019-04-14,2.0,-239.0
16370,2019-04-14,3.0,-141.0
16371,2019-04-14,4.0,-22.0
16372,2019-04-14,5.0,-2.0
16373,2019-04-14,6.0,80.0
16374,2019-04-14,7.0,1592.0
16375,2019-04-14,8.0,3390.0
16376,2019-04-14,9.0,4174.0
16377,2019-04-14,10.0,4624.0
16378,2019-04-14,11.0,4754.0
16379,2019-04-14,12.0,4891.0
16380,2019-04-14,13.0,4889.0
16381,2019-04-14,14.0,4825.0
16382,2019-04-14,15.0,4829.0
16383,2019-04-14,16.0,4768.0
16384,2019-04-14,17.0,4693.0
16385,2019-04-14,18.0,4762.0
16386,2019-04-14,19.0,4592.0
16387,2019-04-14,20.0,4606.0
16388,2019-04-14,21.0,3905.0
16389,2019-04-14,22.0,2524.0
16390,2019-04-14,23.0,2449.0
16391,2019-04-14,24.0,1864.0
16392,2019-04-15,1.0,-31.0
16393,2019-04-15,2.0,-10.0
16394,2019-04-15,3.0,-121.0
16395,2019-04-15,4.0,-104.0
16396,2019-04-15,5.0,0.0
16397,2019-04-15,6.0,118.0
16398,2019-04-15,7.0,1718.0
16399,2019-04-15,8.0,4310.0
16400,2019-04-15,9.0,3326.0
16401,2019-04-15,10.0,4522.0
16402,2019-04-15,11.0,4628.0
16403,2019-04-15,12.0,5209.0
16404,2019-04-15,13.0,5540.0
16405,2019-04-15,14.0,4986.0
16406,2019-04-15,15.0,4798.0
16407,2019-04-15,16.0,4854.0
16408,2019-04-15,17.0,4585.0
16409,2019-04-15,18.0,4888.0
16410,2019-04-15,19.0,4890.0
16411,2019-04-15,20.0,4959.0
16412,2019-04-15,21.0,5439.0
16413,2019-04-15,22.0,4261.0
16414,2019-04-15,23.0,4541.0
16415,2019-04-15,24.0,4689.0
16416,2019-04-16,1.0,-111.0
16417,2019-04-16,2.0,-92.0
16418,2019-04-16,3.0,-53.0
16419,2019-04-16,4.0,-84.0
16420,2019-04-16,5.0,-7.0
16421,2019-04-16,6.0,269.0
16422,2019-04-16,7.0,1176.0
16423,2019-04-16,8.0,1841.0
16424,2019-04-16,9.0,1929.0
16425,2019-04-16,10.0,2096.0
16426,2019-04-16,11.0,2017.0
16427,2019-04-16,12.0,2343.0
16428,2019-04-16,13.0,2632.0
16429,2019-04-16,14.0,3085.0
16430,2019-04-16,15.0,3062.0
16431,2019-04-16,16.0,3397.0
16432,2019-04-16,17.0,3558.0
16433,2019-04-16,18.0,3770.0
16434,2019-04-16,19.0,3721.0
16435,2019-04-16,20.0,3334.0
16436,2019-04-16,21.0,3173.0
16437,2019-04-16,22.0,2970.0
16438,2019-04-16,23.0,3571.0
16439,2019-04-16,24.0,3804.0
16440,2019-04-17,1.0,228.0
16441,2019-04-17,2.0,-92.0
16442,2019-04-17,3.0,-89.0
16443,2019-04-17,4.0,0.0
16444,2019-04-17,5.0,0.0
16445,2019-04-17,6.0,124.0
16446,2019-04-17,7.0,4584.0
16447,2019-04-17,8.0,5423.0
16448,2019-04-17,9.0,5665.0
16449,2019-04-17,10.0,5457.0
16450,2019-04-17,11.0,5352.0
16451,2019-04-17,12.0,5152.0
16452,2019-04-17,13.0,5207.0
16453,2019-04-17,14.0,4576.0
16454,2019-04-17,15.0,3659.0
16455,2019-04-17,16.0,3753.0
16456,2019-04-17,17.0,4166.0
16457,2019-04-17,18.0,5082.0
16458,2019-04-17,19.0,5190.0
16459,2019-04-17,20.0,5565.0
16460,2019-04-17,21.0,5896.0
16461,2019-04-17,22.0,5198.0
16462,2019-04-17,23.0,5763.0
16463,2019-04-17,24.0,5713.0
16464,2019-04-18,1.0,-52.0
16465,2019-04-18,2.0,-86.0
16466,2019-04-18,3.0,-17.0
16467,2019-04-18,4.0,-6.0
16468,2019-04-18,5.0,12.0
16469,2019-04-18,6.0,108.0
16470,2019-04-18,7.0,1411.0
16471,2019-04-18,8.0,3980.0
16472,2019-04-18,9.0,4793.0
16473,2019-04-18,10.0,4648.0
16474,2019-04-18,11.0,4642.0
16475,2019-04-18,12.0,4792.0
16476,2019-04-18,13.0,5049.0
16477,2019-04-18,14.0,5230.0
16478,2019-04-18,15.0,5426.0
16479,2019-04-18,16.0,655.0
16480,2019-04-18,17.0,593.0
16481,2019-04-18,18.0,576.0
16482,2019-04-18,19.0,615.0
16483,2019-04-18,20.0,4975.0
16484,2019-04-18,21.0,4939.0
16485,2019-04-18,22.0,5008.0
16486,2019-04-18,23.0,4898.0
16487,2019-04-18,24.0,4609.0
16488,2019-04-19,1.0,-144.0
16489,2019-04-19,2.0,-409.0
16490,2019-04-19,3.0,-518.0
16491,2019-04-19,4.0,-273.0
16492,2019-04-19,5.0,-246.0
16493,2019-04-19,6.0,0.0
16494,2019-04-19,7.0,4421.0
16495,2019-04-19,8.0,5028.0
16496,2019-04-19,9.0,5030.0
16497,2019-04-19,10.0,4965.0
16498,2019-04-19,11.0,4764.0
16499,2019-04-19,12.0,4508.0
16500,2019-04-19,13.0,3796.0
16501,2019-04-19,14.0,150.0
16502,2019-04-19,15.0,0.0
16503,2019-04-19,16.0,30.0
16504,2019-04-19,17.0,150.0
16505,2019-04-19,18.0,151.0
16506,2019-04-19,19.0,3186.0
16507,2019-04-19,20.0,3401.0
16508,2019-04-19,21.0,4905.0
16509,2019-04-19,22.0,4903.0
16510,2019-04-19,23.0,5070.0
16511,2019-04-19,24.0,5008.0
16512,2019-04-20,1.0,42.0
16513,2019-04-20,2.0,320.0
16514,2019-04-20,3.0,1041.0
16515,2019-04-20,4.0,909.0
16516,2019-04-20,5.0,722.0
16517,2019-04-20,6.0,833.0
16518,2019-04-20,7.0,1751.0
16519,2019-04-20,8.0,2301.0
16520,2019-04-20,9.0,3162.0
16521,2019-04-20,10.0,4538.0
16522,2019-04-20,11.0,3987.0
16523,2019-04-20,12.0,3996.0
16524,2019-04-20,13.0,312.0
16525,2019-04-20,14.0,149.0
16526,2019-04-20,15.0,151.0
16527,2019-04-20,16.0,152.0
16528,2019-04-20,17.0,268.0
16529,2019-04-20,18.0,202.0
16530,2019-04-20,19.0,393.0
16531,2019-04-20,20.0,391.0
16532,2019-04-20,21.0,4435.0
16533,2019-04-20,22.0,5104.0
16534,2019-04-20,23.0,5012.0
16535,2019-04-20,24.0,4832.0
16536,2019-04-21,1.0,-964.0
16537,2019-04-21,2.0,-1046.0
16538,2019-04-21,3.0,-1012.0
16539,2019-04-21,4.0,-1312.0
16540,2019-04-21,5.0,-1066.0
16541,2019-04-21,6.0,-627.0
16542,2019-04-21,7.0,2694.0
16543,2019-04-21,8.0,3403.0
16544,2019-04-21,9.0,3235.0
16545,2019-04-21,10.0,4406.0
16546,2019-04-21,11.0,4974.0
16547,2019-04-21,12.0,5030.0
16548,2019-04-21,13.0,4649.0
16549,2019-04-21,14.0,4776.0
16550,2019-04-21,15.0,4812.0
16551,2019-04-21,16.0,4074.0
16552,2019-04-21,17.0,3838.0
16553,2019-04-21,18.0,4042.0
16554,2019-04-21,19.0,4826.0
16555,2019-04-21,20.0,5324.0
16556,2019-04-21,21.0,5224.0
16557,2019-04-21,22.0,5407.0
16558,2019-04-21,23.0,5489.0
16559,2019-04-21,24.0,5208.0
16560,2019-04-22,1.0,-11.0
16561,2019-04-22,2.0,-65.0
16562,2019-04-22,3.0,-71.0
16563,2019-04-22,4.0,-1.0
16564,2019-04-22,5.0,16.0
16565,2019-04-22,6.0,213.0
16566,2019-04-22,7.0,1665.0
16567,2019-04-22,8.0,3618.0
16568,2019-04-22,9.0,4037.0
16569,2019-04-22,10.0,4114.0
16570,2019-04-22,11.0,4231.0
16571,2019-04-22,12.0,4435.0
16572,2019-04-22,13.0,4546.0
16573,2019-04-22,14.0,4890.0
16574,2019-04-22,15.0,5541.0
16575,2019-04-22,16.0,5668.0
16576,2019-04-22,17.0,5673.0
16577,2019-04-22,18.0,5627.0
16578,2019-04-22,19.0,5591.0
16579,2019-04-22,20.0,5555.0
16580,2019-04-22,21.0,5449.0
16581,2019-04-22,22.0,4476.0
16582,2019-04-22,23.0,5475.0
16583,2019-04-22,24.0,4989.0
16584,2019-04-23,1.0,-391.0
16585,2019-04-23,2.0,-1379.0
16586,2019-04-23,3.0,-983.0
16587,2019-04-23,4.0,-907.0
16588,2019-04-23,5.0,-683.0
16589,2019-04-23,6.0,40.0
16590,2019-04-23,7.0,2057.0
16591,2019-04-23,8.0,4176.0
16592,2019-04-23,9.0,4566.0
16593,2019-04-23,10.0,4556.0
16594,2019-04-23,11.0,4671.0
16595,2019-04-23,12.0,5097.0
16596,2019-04-23,13.0,5205.0
16597,2019-04-23,14.0,5308.0
16598,2019-04-23,15.0,5206.0
16599,2019-04-23,16.0,4885.0
16600,2019-04-23,17.0,4341.0
16601,2019-04-23,18.0,4404.0
16602,2019-04-23,19.0,4392.0
16603,2019-04-23,20.0,4860.0
16604,2019-04-23,21.0,5507.0
16605,2019-04-23,22.0,4671.0
16606,2019-04-23,23.0,5397.0
16607,2019-04-23,24.0,4873.0
16608,2019-04-24,1.0,-1349.0
16609,2019-04-24,2.0,-420.0
16610,2019-04-24,3.0,-1114.0
16611,2019-04-24,4.0,-530.0
16612,2019-04-24,5.0,-352.0
16613,2019-04-24,6.0,372.0
16614,2019-04-24,7.0,3486.0
16615,2019-04-24,8.0,5269.0
16616,2019-04-24,9.0,6008.0
16617,2019-04-24,10.0,6132.0
16618,2019-04-24,11.0,5814.0
16619,2019-04-24,12.0,5479.0
16620,2019-04-24,13.0,4936.0
16621,2019-04-24,14.0,4177.0
16622,2019-04-24,15.0,3529.0
16623,2019-04-24,16.0,2978.0
16624,2019-04-24,17.0,2977.0
16625,2019-04-24,18.0,2957.0
16626,2019-04-24,19.0,2952.0
16627,2019-04-24,20.0,4616.0
16628,2019-04-24,21.0,5252.0
16629,2019-04-24,22.0,5179.0
16630,2019-04-24,23.0,4191.0
16631,2019-04-24,24.0,2572.0
16632,2019-04-25,1.0,258.0
16633,2019-04-25,2.0,816.0
16634,2019-04-25,3.0,170.0
16635,2019-04-25,4.0,-38.0
16636,2019-04-25,5.0,-321.0
16637,2019-04-25,6.0,-10.0
16638,2019-04-25,7.0,851.0
16639,2019-04-25,8.0,2924.0
16640,2019-04-25,9.0,4339.0
16641,2019-04-25,10.0,5024.0
16642,2019-04-25,11.0,4992.0
16643,2019-04-25,12.0,4327.0
16644,2019-04-25,13.0,4262.0
16645,2019-04-25,14.0,3684.0
16646,2019-04-25,15.0,3488.0
16647,2019-04-25,16.0,2695.0
16648,2019-04-25,17.0,2829.0
16649,2019-04-25,18.0,2468.0
16650,2019-04-25,19.0,3685.0
16651,2019-04-25,20.0,4431.0
16652,2019-04-25,21.0,5218.0
16653,2019-04-25,22.0,5274.0
16654,2019-04-25,23.0,5183.0
16655,2019-04-25,24.0,4573.0
16656,2019-04-26,1.0,296.0
16657,2019-04-26,2.0,538.0
16658,2019-04-26,3.0,799.0
16659,2019-04-26,4.0,1155.0
16660,2019-04-26,5.0,578.0
16661,2019-04-26,6.0,322.0
16662,2019-04-26,7.0,2387.0
16663,2019-04-26,8.0,3839.0
16664,2019-04-26,9.0,4603.0
16665,2019-04-26,10.0,4141.0
16666,2019-04-26,11.0,4540.0
16667,2019-04-26,12.0,4889.0
16668,2019-04-26,13.0,4903.0
16669,2019-04-26,14.0,4719.0
16670,2019-04-26,15.0,4651.0
16671,2019-04-26,16.0,4945.0
16672,2019-04-26,17.0,5097.0
16673,2019-04-26,18.0,5139.0
16674,2019-04-26,19.0,5098.0
16675,2019-04-26,20.0,4776.0
16676,2019-04-26,21.0,4188.0
16677,2019-04-26,22.0,2861.0
16678,2019-04-26,23.0,3713.0
16679,2019-04-26,24.0,3833.0
16680,2019-04-27,1.0,0.0
16681,2019-04-27,2.0,0.0
16682,2019-04-27,3.0,335.0
16683,2019-04-27,4.0,435.0
16684,2019-04-27,5.0,895.0
16685,2019-04-27,6.0,1179.0
16686,2019-04-27,7.0,2833.0
16687,2019-04-27,8.0,4490.0
16688,2019-04-27,9.0,4822.0
16689,2019-04-27,10.0,4510.0
16690,2019-04-27,11.0,4785.0
16691,2019-04-27,12.0,4882.0
16692,2019-04-27,13.0,4942.0
16693,2019-04-27,14.0,5005.0
16694,2019-04-27,15.0,4917.0
16695,2019-04-27,16.0,4973.0
16696,2019-04-27,17.0,4729.0
16697,2019-04-27,18.0,4865.0
16698,2019-04-27,19.0,5139.0
16699,2019-04-27,20.0,5145.0
16700,2019-04-27,21.0,4838.0
16701,2019-04-27,22.0,4044.0
16702,2019-04-27,23.0,4551.0
16703,2019-04-27,24.0,4695.0
16704,2019-04-28,1.0,-3.0
16705,2019-04-28,2.0,6.0
16706,2019-04-28,3.0,18.0
16707,2019-04-28,4.0,144.0
16708,2019-04-28,5.0,146.0
16709,2019-04-28,6.0,441.0
16710,2019-04-28,7.0,1964.0
16711,2019-04-28,8.0,4267.0
16712,2019-04-28,9.0,4589.0
16713,2019-04-28,10.0,4945.0
16714,2019-04-28,11.0,4985.0
16715,2019-04-28,12.0,4952.0
16716,2019-04-28,13.0,4972.0
16717,2019-04-28,14.0,4960.0
16718,2019-04-28,15.0,5018.0
16719,2019-04-28,16.0,4888.0
16720,2019-04-28,17.0,4928.0
16721,2019-04-28,18.0,4930.0
16722,2019-04-28,19.0,4824.0
16723,2019-04-28,20.0,4806.0
16724,2019-04-28,21.0,5018.0
16725,2019-04-28,22.0,4231.0
16726,2019-04-28,23.0,4449.0
16727,2019-04-28,24.0,4708.0
16728,2019-04-29,1.0,-47.0
16729,2019-04-29,2.0,-23.0
16730,2019-04-29,3.0,8.0
16731,2019-04-29,4.0,53.0
16732,2019-04-29,5.0,176.0
16733,2019-04-29,6.0,320.0
16734,2019-04-29,7.0,527.0
16735,2019-04-29,8.0,1687.0
16736,2019-04-29,9.0,1321.0
16737,2019-04-29,10.0,1557.0
16738,2019-04-29,11.0,1490.0
16739,2019-04-29,12.0,1674.0
16740,2019-04-29,13.0,1808.0
16741,2019-04-29,14.0,2309.0
16742,2019-04-29,15.0,2799.0
16743,2019-04-29,16.0,3052.0
16744,2019-04-29,17.0,3037.0
16745,2019-04-29,18.0,3012.0
16746,2019-04-29,19.0,3140.0
16747,2019-04-29,20.0,2964.0
16748,2019-04-29,21.0,2501.0
16749,2019-04-29,22.0,1778.0
16750,2019-04-29,23.0,2586.0
16751,2019-04-29,24.0,2888.0
16752,2019-04-30,1.0,-11.0
16753,2019-04-30,2.0,0.0
16754,2019-04-30,3.0,1.0
16755,2019-04-30,4.0,114.0
16756,2019-04-30,5.0,138.0
16757,2019-04-30,6.0,259.0
16758,2019-04-30,7.0,859.0
16759,2019-04-30,8.0,2007.0
16760,2019-04-30,9.0,2179.0
16761,2019-04-30,10.0,2296.0
16762,2019-04-30,11.0,2341.0
16763,2019-04-30,12.0,2456.0
16764,2019-04-30,13.0,2477.0
16765,2019-04-30,14.0,2987.0
16766,2019-04-30,15.0,3323.0
16767,2019-04-30,16.0,3298.0
16768,2019-04-30,17.0,3520.0
16769,2019-04-30,18.0,3519.0
16770,2019-04-30,19.0,3488.0
16771,2019-04-30,20.0,3383.0
16772,2019-04-30,21.0,2902.0
16773,2019-04-30,22.0,2176.0
16774,2019-04-30,23.0,2936.0
16775,2019-04-30,24.0,2905.0
16776,2019-05-01,1.0,-43.0
16777,2019-05-01,2.0,13.0
16778,2019-05-01,3.0,262.0
16779,2019-05-01,4.0,649.0
16780,2019-05-01,5.0,658.0
16781,2019-05-01,6.0,1003.0
16782,2019-05-01,7.0,3204.0
16783,2019-05-01,8.0,5204.0
16784,2019-05-01,9.0,5086.0
16785,2019-05-01,10.0,4964.0
16786,2019-05-01,11.0,5286.0
16787,2019-05-01,12.0,5319.0
16788,2019-05-01,13.0,5256.0
16789,2019-05-01,14.0,5334.0
16790,2019-05-01,15.0,5147.0
16791,2019-05-01,16.0,4922.0
16792,2019-05-01,17.0,5.0
16793,2019-05-01,18.0,0.0
16794,2019-05-01,19.0,2973.0
16795,2019-05-01,20.0,3627.0
16796,2019-05-01,21.0,5068.0
16797,2019-05-01,22.0,5948.0
16798,2019-05-01,23.0,5510.0
16799,2019-05-01,24.0,4857.0
16800,2019-05-02,1.0,-1084.0
16801,2019-05-02,2.0,-272.0
16802,2019-05-02,3.0,-151.0
16803,2019-05-02,4.0,83.0
16804,2019-05-02,5.0,160.0
16805,2019-05-02,6.0,907.0
16806,2019-05-02,7.0,3905.0
16807,2019-05-02,8.0,4623.0
16808,2019-05-02,9.0,4885.0
16809,2019-05-02,10.0,4713.0
16810,2019-05-02,11.0,4722.0
16811,2019-05-02,12.0,4713.0
16812,2019-05-02,13.0,4753.0
16813,2019-05-02,14.0,4743.0
16814,2019-05-02,15.0,4619.0
16815,2019-05-02,16.0,4665.0
16816,2019-05-02,17.0,453.0
16817,2019-05-02,18.0,446.0
16818,2019-05-02,19.0,440.0
16819,2019-05-02,20.0,4567.0
16820,2019-05-02,21.0,4831.0
16821,2019-05-02,22.0,4614.0
16822,2019-05-02,23.0,4794.0
16823,2019-05-02,24.0,4569.0
16824,2019-05-03,1.0,-165.0
16825,2019-05-03,2.0,-406.0
16826,2019-05-03,3.0,-372.0
16827,2019-05-03,4.0,-185.0
16828,2019-05-03,5.0,-31.0
16829,2019-05-03,6.0,277.0
16830,2019-05-03,7.0,1123.0
16831,2019-05-03,8.0,2297.0
16832,2019-05-03,9.0,2960.0
16833,2019-05-03,10.0,3144.0
16834,2019-05-03,11.0,3625.0
16835,2019-05-03,12.0,3465.0
16836,2019-05-03,13.0,3462.0
16837,2019-05-03,14.0,3574.0
16838,2019-05-03,15.0,3503.0
16839,2019-05-03,16.0,664.0
16840,2019-05-03,17.0,459.0
16841,2019-05-03,18.0,395.0
16842,2019-05-03,19.0,520.0
16843,2019-05-03,20.0,3999.0
16844,2019-05-03,21.0,3701.0
16845,2019-05-03,22.0,3408.0
16846,2019-05-03,23.0,3534.0
16847,2019-05-03,24.0,3405.0
16848,2019-05-04,1.0,1.0
16849,2019-05-04,2.0,145.0
16850,2019-05-04,3.0,279.0
16851,2019-05-04,4.0,620.0
16852,2019-05-04,5.0,802.0
16853,2019-05-04,6.0,1534.0
16854,2019-05-04,7.0,3095.0
16855,2019-05-04,8.0,4396.0
16856,2019-05-04,9.0,4349.0
16857,2019-05-04,10.0,4517.0
16858,2019-05-04,11.0,4592.0
16859,2019-05-04,12.0,4615.0
16860,2019-05-04,13.0,4594.0
16861,2019-05-04,14.0,4684.0
16862,2019-05-04,15.0,743.0
16863,2019-05-04,16.0,474.0
16864,2019-05-04,17.0,190.0
16865,2019-05-04,18.0,215.0
16866,2019-05-04,19.0,348.0
16867,2019-05-04,20.0,3938.0
16868,2019-05-04,21.0,5005.0
16869,2019-05-04,22.0,4693.0
16870,2019-05-04,23.0,4607.0
16871,2019-05-04,24.0,4444.0
16872,2019-05-05,1.0,-4.0
16873,2019-05-05,2.0,8.0
16874,2019-05-05,3.0,119.0
16875,2019-05-05,4.0,132.0
16876,2019-05-05,5.0,100.0
16877,2019-05-05,6.0,143.0
16878,2019-05-05,7.0,2132.0
16879,2019-05-05,8.0,2621.0
16880,2019-05-05,9.0,3163.0
16881,2019-05-05,10.0,3350.0
16882,2019-05-05,11.0,2622.0
16883,2019-05-05,12.0,165.0
16884,2019-05-05,13.0,439.0
16885,2019-05-05,14.0,41.0
16886,2019-05-05,15.0,48.0
16887,2019-05-05,16.0,139.0
16888,2019-05-05,17.0,150.0
16889,2019-05-05,18.0,2443.0
16890,2019-05-05,19.0,3925.0
16891,2019-05-05,20.0,4820.0
16892,2019-05-05,21.0,4607.0
16893,2019-05-05,22.0,4220.0
16894,2019-05-05,23.0,3891.0
16895,2019-05-05,24.0,4110.0
16896,2019-05-06,1.0,-192.0
16897,2019-05-06,2.0,-420.0
16898,2019-05-06,3.0,-431.0
16899,2019-05-06,4.0,-297.0
16900,2019-05-06,5.0,-222.0
16901,2019-05-06,6.0,249.0
16902,2019-05-06,7.0,664.0
16903,2019-05-06,8.0,1111.0
16904,2019-05-06,9.0,1105.0
16905,2019-05-06,10.0,1315.0
16906,2019-05-06,11.0,1205.0
16907,2019-05-06,12.0,1211.0
16908,2019-05-06,13.0,1201.0
16909,2019-05-06,14.0,1149.0
16910,2019-05-06,15.0,1219.0
16911,2019-05-06,16.0,1589.0
16912,2019-05-06,17.0,1681.0
16913,2019-05-06,18.0,1629.0
16914,2019-05-06,19.0,1640.0
16915,2019-05-06,20.0,1678.0
16916,2019-05-06,21.0,1198.0
16917,2019-05-06,22.0,1118.0
16918,2019-05-06,23.0,1065.0
16919,2019-05-06,24.0,1234.0
16920,2019-05-07,1.0,-249.0
16921,2019-05-07,2.0,-884.0
16922,2019-05-07,3.0,-564.0
16923,2019-05-07,4.0,-284.0
16924,2019-05-07,5.0,-50.0
16925,2019-05-07,6.0,209.0
16926,2019-05-07,7.0,1050.0
16927,2019-05-07,8.0,2631.0
16928,2019-05-07,9.0,1859.0
16929,2019-05-07,10.0,2403.0
16930,2019-05-07,11.0,2705.0
16931,2019-05-07,12.0,2596.0
16932,2019-05-07,13.0,2253.0
16933,2019-05-07,14.0,2464.0
16934,2019-05-07,15.0,3617.0
16935,2019-05-07,16.0,4276.0
16936,2019-05-07,17.0,4381.0
16937,2019-05-07,18.0,4212.0
16938,2019-05-07,19.0,4117.0
16939,2019-05-07,20.0,4248.0
16940,2019-05-07,21.0,4190.0
16941,2019-05-07,22.0,3949.0
16942,2019-05-07,23.0,3803.0
16943,2019-05-07,24.0,4118.0
16944,2019-05-08,1.0,1292.0
16945,2019-05-08,2.0,1807.0
16946,2019-05-08,3.0,2169.0
16947,2019-05-08,4.0,2294.0
16948,2019-05-08,5.0,2187.0
16949,2019-05-08,6.0,3013.0
16950,2019-05-08,7.0,3086.0
16951,2019-05-08,8.0,4413.0
16952,2019-05-08,9.0,4492.0
16953,2019-05-08,10.0,5823.0
16954,2019-05-08,11.0,5165.0
16955,2019-05-08,12.0,5105.0
16956,2019-05-08,13.0,5063.0
16957,2019-05-08,14.0,4640.0
16958,2019-05-08,15.0,3909.0
16959,2019-05-08,16.0,3400.0
16960,2019-05-08,17.0,3420.0
16961,2019-05-08,18.0,3309.0
16962,2019-05-08,19.0,3810.0
16963,2019-05-08,20.0,4424.0
16964,2019-05-08,21.0,4492.0
16965,2019-05-08,22.0,4868.0
16966,2019-05-08,23.0,4501.0
16967,2019-05-08,24.0,367.0
16968,2019-05-09,1.0,-307.0
16969,2019-05-09,2.0,-1.0
16970,2019-05-09,3.0,0.0
16971,2019-05-09,4.0,-1.0
16972,2019-05-09,5.0,1.0
16973,2019-05-09,6.0,960.0
16974,2019-05-09,7.0,2157.0
16975,2019-05-09,8.0,3224.0
16976,2019-05-09,9.0,3483.0
16977,2019-05-09,10.0,3571.0
16978,2019-05-09,11.0,3679.0
16979,2019-05-09,12.0,3566.0
16980,2019-05-09,13.0,3531.0
16981,2019-05-09,14.0,3646.0
16982,2019-05-09,15.0,4454.0
16983,2019-05-09,16.0,4595.0
16984,2019-05-09,17.0,4393.0
16985,2019-05-09,18.0,4390.0
16986,2019-05-09,19.0,5147.0
16987,2019-05-09,20.0,5332.0
16988,2019-05-09,21.0,4295.0
16989,2019-05-09,22.0,3586.0
16990,2019-05-09,23.0,4307.0
16991,2019-05-09,24.0,4096.0
16992,2019-05-10,1.0,-545.0
16993,2019-05-10,2.0,-552.0
16994,2019-05-10,3.0,223.0
16995,2019-05-10,4.0,622.0
16996,2019-05-10,5.0,914.0
16997,2019-05-10,6.0,1067.0
16998,2019-05-10,7.0,2756.0
16999,2019-05-10,8.0,4373.0
17000,2019-05-10,9.0,4690.0
17001,2019-05-10,10.0,4068.0
17002,2019-05-10,11.0,3747.0
17003,2019-05-10,12.0,3555.0
17004,2019-05-10,13.0,3495.0
17005,2019-05-10,14.0,3649.0
17006,2019-05-10,15.0,3860.0
17007,2019-05-10,16.0,3794.0
17008,2019-05-10,17.0,3808.0
17009,2019-05-10,18.0,3539.0
17010,2019-05-10,19.0,3667.0
17011,2019-05-10,20.0,3587.0
17012,2019-05-10,21.0,2641.0
17013,2019-05-10,22.0,2212.0
17014,2019-05-10,23.0,2423.0
17015,2019-05-10,24.0,2618.0
17016,2019-05-11,1.0,-76.0
17017,2019-05-11,2.0,-53.0
17018,2019-05-11,3.0,0.0
17019,2019-05-11,4.0,204.0
17020,2019-05-11,5.0,207.0
17021,2019-05-11,6.0,416.0
17022,2019-05-11,7.0,1471.0
17023,2019-05-11,8.0,3495.0
17024,2019-05-11,9.0,3705.0
17025,2019-05-11,10.0,3700.0
17026,2019-05-11,11.0,3900.0
17027,2019-05-11,12.0,3908.0
17028,2019-05-11,13.0,3759.0
17029,2019-05-11,14.0,3739.0
17030,2019-05-11,15.0,3876.0
17031,2019-05-11,16.0,4222.0
17032,2019-05-11,17.0,4214.0
17033,2019-05-11,18.0,4127.0
17034,2019-05-11,19.0,4149.0
17035,2019-05-11,20.0,4142.0
17036,2019-05-11,21.0,4008.0
17037,2019-05-11,22.0,3669.0
17038,2019-05-11,23.0,3475.0
17039,2019-05-11,24.0,3903.0
17040,2019-05-12,1.0,-512.0
17041,2019-05-12,2.0,-784.0
17042,2019-05-12,3.0,-108.0
17043,2019-05-12,4.0,470.0
17044,2019-05-12,5.0,682.0
17045,2019-05-12,6.0,793.0
17046,2019-05-12,7.0,917.0
17047,2019-05-12,8.0,1767.0
17048,2019-05-12,9.0,1744.0
17049,2019-05-12,10.0,2451.0
17050,2019-05-12,11.0,3047.0
17051,2019-05-12,12.0,3551.0
17052,2019-05-12,13.0,3857.0
17053,2019-05-12,14.0,4152.0
17054,2019-05-12,15.0,3914.0
17055,2019-05-12,16.0,3076.0
17056,2019-05-12,17.0,2052.0
17057,2019-05-12,18.0,1483.0
17058,2019-05-12,19.0,773.0
17059,2019-05-12,20.0,4098.0
17060,2019-05-12,21.0,5129.0
17061,2019-05-12,22.0,5347.0
17062,2019-05-12,23.0,5079.0
17063,2019-05-12,24.0,4962.0
17064,2019-05-13,1.0,-976.0
17065,2019-05-13,2.0,-1079.0
17066,2019-05-13,3.0,-1430.0
17067,2019-05-13,4.0,-832.0
17068,2019-05-13,5.0,-538.0
17069,2019-05-13,6.0,711.0
17070,2019-05-13,7.0,3140.0
17071,2019-05-13,8.0,4273.0
17072,2019-05-13,9.0,4437.0
17073,2019-05-13,10.0,4028.0
17074,2019-05-13,11.0,3796.0
17075,2019-05-13,12.0,4060.0
17076,2019-05-13,13.0,4109.0
17077,2019-05-13,14.0,4049.0
17078,2019-05-13,15.0,4060.0
17079,2019-05-13,16.0,4064.0
17080,2019-05-13,17.0,4149.0
17081,2019-05-13,18.0,4146.0
17082,2019-05-13,19.0,4176.0
17083,2019-05-13,20.0,4025.0
17084,2019-05-13,21.0,4088.0
17085,2019-05-13,22.0,3558.0
17086,2019-05-13,23.0,4102.0
17087,2019-05-13,24.0,4064.0
17088,2019-05-14,1.0,-285.0
17089,2019-05-14,2.0,-591.0
17090,2019-05-14,3.0,-375.0
17091,2019-05-14,4.0,-107.0
17092,2019-05-14,5.0,161.0
17093,2019-05-14,6.0,744.0
17094,2019-05-14,7.0,1836.0
17095,2019-05-14,8.0,2397.0
17096,2019-05-14,9.0,2508.0
17097,2019-05-14,10.0,2150.0
17098,2019-05-14,11.0,2172.0
17099,2019-05-14,12.0,2034.0
17100,2019-05-14,13.0,1675.0
17101,2019-05-14,14.0,1423.0
17102,2019-05-14,15.0,1731.0
17103,2019-05-14,16.0,1874.0
17104,2019-05-14,17.0,1966.0
17105,2019-05-14,18.0,2169.0
17106,2019-05-14,19.0,2268.0
17107,2019-05-14,20.0,2133.0
17108,2019-05-14,21.0,2000.0
17109,2019-05-14,22.0,1702.0
17110,2019-05-14,23.0,1947.0
17111,2019-05-14,24.0,2321.0
17112,2019-05-15,1.0,-38.0
17113,2019-05-15,2.0,-1.0
17114,2019-05-15,3.0,0.0
17115,2019-05-15,4.0,134.0
17116,2019-05-15,5.0,96.0
17117,2019-05-15,6.0,239.0
17118,2019-05-15,7.0,537.0
17119,2019-05-15,8.0,1408.0
17120,2019-05-15,9.0,1919.0
17121,2019-05-15,10.0,1945.0
17122,2019-05-15,11.0,1859.0
17123,2019-05-15,12.0,1846.0
17124,2019-05-15,13.0,1827.0
17125,2019-05-15,14.0,2163.0
17126,2019-05-15,15.0,2213.0
17127,2019-05-15,16.0,2604.0
17128,2019-05-15,17.0,2860.0
17129,2019-05-15,18.0,2970.0
17130,2019-05-15,19.0,3198.0
17131,2019-05-15,20.0,2939.0
17132,2019-05-15,21.0,2169.0
17133,2019-05-15,22.0,1938.0
17134,2019-05-15,23.0,2210.0
17135,2019-05-15,24.0,2755.0
17136,2019-05-16,1.0,-60.0
17137,2019-05-16,2.0,0.0
17138,2019-05-16,3.0,25.0
17139,2019-05-16,4.0,117.0
17140,2019-05-16,5.0,167.0
17141,2019-05-16,6.0,314.0
17142,2019-05-16,7.0,666.0
17143,2019-05-16,8.0,1126.0
17144,2019-05-16,9.0,1798.0
17145,2019-05-16,10.0,1883.0
17146,2019-05-16,11.0,1979.0
17147,2019-05-16,12.0,2124.0
17148,2019-05-16,13.0,2057.0
17149,2019-05-16,14.0,2520.0
17150,2019-05-16,15.0,3140.0
17151,2019-05-16,16.0,3267.0
17152,2019-05-16,17.0,3629.0
17153,2019-05-16,18.0,3703.0
17154,2019-05-16,19.0,3459.0
17155,2019-05-16,20.0,3953.0
17156,2019-05-16,21.0,3802.0
17157,2019-05-16,22.0,3426.0
17158,2019-05-16,23.0,3732.0
17159,2019-05-16,24.0,3205.0
17160,2019-05-17,1.0,-302.0
17161,2019-05-17,2.0,369.0
17162,2019-05-17,3.0,992.0
17163,2019-05-17,4.0,1627.0
17164,2019-05-17,5.0,1679.0
17165,2019-05-17,6.0,2015.0
17166,2019-05-17,7.0,4820.0
17167,2019-05-17,8.0,5643.0
17168,2019-05-17,9.0,5523.0
17169,2019-05-17,10.0,5007.0
17170,2019-05-17,11.0,4879.0
17171,2019-05-17,12.0,4837.0
17172,2019-05-17,13.0,4944.0
17173,2019-05-17,14.0,5107.0
17174,2019-05-17,15.0,4302.0
17175,2019-05-17,16.0,3502.0
17176,2019-05-17,17.0,3791.0
17177,2019-05-17,18.0,5043.0
17178,2019-05-17,19.0,5179.0
17179,2019-05-17,20.0,5367.0
17180,2019-05-17,21.0,5398.0
17181,2019-05-17,22.0,5402.0
17182,2019-05-17,23.0,5585.0
17183,2019-05-17,24.0,5032.0
17184,2019-05-18,1.0,106.0
17185,2019-05-18,2.0,0.0
17186,2019-05-18,3.0,228.0
17187,2019-05-18,4.0,489.0
17188,2019-05-18,5.0,593.0
17189,2019-05-18,6.0,795.0
17190,2019-05-18,7.0,2722.0
17191,2019-05-18,8.0,4912.0
17192,2019-05-18,9.0,5105.0
17193,2019-05-18,10.0,5457.0
17194,2019-05-18,11.0,5115.0
17195,2019-05-18,12.0,5126.0
17196,2019-05-18,13.0,5225.0
17197,2019-05-18,14.0,5285.0
17198,2019-05-18,15.0,4675.0
17199,2019-05-18,16.0,3495.0
17200,2019-05-18,17.0,2761.0
17201,2019-05-18,18.0,2650.0
17202,2019-05-18,19.0,3798.0
17203,2019-05-18,20.0,4808.0
17204,2019-05-18,21.0,4988.0
17205,2019-05-18,22.0,5295.0
17206,2019-05-18,23.0,4864.0
17207,2019-05-18,24.0,4670.0
17208,2019-05-19,1.0,47.0
17209,2019-05-19,2.0,90.0
17210,2019-05-19,3.0,172.0
17211,2019-05-19,4.0,403.0
17212,2019-05-19,5.0,363.0
17213,2019-05-19,6.0,515.0
17214,2019-05-19,7.0,2142.0
17215,2019-05-19,8.0,4549.0
17216,2019-05-19,9.0,5271.0
17217,2019-05-19,10.0,5148.0
17218,2019-05-19,11.0,5212.0
17219,2019-05-19,12.0,5247.0
17220,2019-05-19,13.0,5330.0
17221,2019-05-19,14.0,5344.0
17222,2019-05-19,15.0,5181.0
17223,2019-05-19,16.0,2110.0
17224,2019-05-19,17.0,3284.0
17225,2019-05-19,18.0,3920.0
17226,2019-05-19,19.0,4282.0
17227,2019-05-19,20.0,5105.0
17228,2019-05-19,21.0,5021.0
17229,2019-05-19,22.0,5217.0
17230,2019-05-19,23.0,4983.0
17231,2019-05-19,24.0,4631.0
17232,2019-05-20,1.0,-165.0
17233,2019-05-20,2.0,-168.0
17234,2019-05-20,3.0,0.0
17235,2019-05-20,4.0,166.0
17236,2019-05-20,5.0,675.0
17237,2019-05-20,6.0,1313.0
17238,2019-05-20,7.0,1743.0
17239,2019-05-20,8.0,2630.0
17240,2019-05-20,9.0,1886.0
17241,2019-05-20,10.0,1644.0
17242,2019-05-20,11.0,1634.0
17243,2019-05-20,12.0,1502.0
17244,2019-05-20,13.0,1419.0
17245,2019-05-20,14.0,1424.0
17246,2019-05-20,15.0,1955.0
17247,2019-05-20,16.0,1888.0
17248,2019-05-20,17.0,2082.0
17249,2019-05-20,18.0,1940.0
17250,2019-05-20,19.0,2029.0
17251,2019-05-20,20.0,1960.0
17252,2019-05-20,21.0,1555.0
17253,2019-05-20,22.0,1746.0
17254,2019-05-20,23.0,1664.0
17255,2019-05-20,24.0,2020.0
17256,2019-05-21,1.0,-13.0
17257,2019-05-21,2.0,-45.0
17258,2019-05-21,3.0,45.0
17259,2019-05-21,4.0,98.0
17260,2019-05-21,5.0,145.0
17261,2019-05-21,6.0,371.0
17262,2019-05-21,7.0,780.0
17263,2019-05-21,8.0,1293.0
17264,2019-05-21,9.0,1486.0
17265,2019-05-21,10.0,1508.0
17266,2019-05-21,11.0,1495.0
17267,2019-05-21,12.0,1372.0
17268,2019-05-21,13.0,1479.0
17269,2019-05-21,14.0,1563.0
17270,2019-05-21,15.0,1563.0
17271,2019-05-21,16.0,1449.0
17272,2019-05-21,17.0,1308.0
17273,2019-05-21,18.0,1390.0
17274,2019-05-21,19.0,1100.0
17275,2019-05-21,20.0,1308.0
17276,2019-05-21,21.0,1330.0
17277,2019-05-21,22.0,1538.0
17278,2019-05-21,23.0,1355.0
17279,2019-05-21,24.0,1089.0
17280,2019-05-22,1.0,-25.0
17281,2019-05-22,2.0,-22.0
17282,2019-05-22,3.0,-7.0
17283,2019-05-22,4.0,4.0
17284,2019-05-22,5.0,58.0
17285,2019-05-22,6.0,129.0
17286,2019-05-22,7.0,403.0
17287,2019-05-22,8.0,1154.0
17288,2019-05-22,9.0,1667.0
17289,2019-05-22,10.0,1655.0
17290,2019-05-22,11.0,1581.0
17291,2019-05-22,12.0,1429.0
17292,2019-05-22,13.0,1539.0
17293,2019-05-22,14.0,1501.0
17294,2019-05-22,15.0,1310.0
17295,2019-05-22,16.0,1373.0
17296,2019-05-22,17.0,1116.0
17297,2019-05-22,18.0,1108.0
17298,2019-05-22,19.0,1192.0
17299,2019-05-22,20.0,1162.0
17300,2019-05-22,21.0,1343.0
17301,2019-05-22,22.0,1601.0
17302,2019-05-22,23.0,1439.0
17303,2019-05-22,24.0,1130.0
17304,2019-05-23,1.0,-35.0
17305,2019-05-23,2.0,-41.0
17306,2019-05-23,3.0,-85.0
17307,2019-05-23,4.0,31.0
17308,2019-05-23,5.0,325.0
17309,2019-05-23,6.0,496.0
17310,2019-05-23,7.0,1017.0
17311,2019-05-23,8.0,1460.0
17312,2019-05-23,9.0,2034.0
17313,2019-05-23,10.0,2007.0
17314,2019-05-23,11.0,2021.0
17315,2019-05-23,12.0,1807.0
17316,2019-05-23,13.0,1798.0
17317,2019-05-23,14.0,1829.0
17318,2019-05-23,15.0,1720.0
17319,2019-05-23,16.0,1645.0
17320,2019-05-23,17.0,1701.0
17321,2019-05-23,18.0,1849.0
17322,2019-05-23,19.0,1738.0
17323,2019-05-23,20.0,1770.0
17324,2019-05-23,21.0,1731.0
17325,2019-05-23,22.0,1561.0
17326,2019-05-23,23.0,1560.0
17327,2019-05-23,24.0,2524.0
17328,2019-05-24,1.0,0.0
17329,2019-05-24,2.0,483.0
17330,2019-05-24,3.0,255.0
17331,2019-05-24,4.0,544.0
17332,2019-05-24,5.0,878.0
17333,2019-05-24,6.0,1762.0
17334,2019-05-24,7.0,3035.0
17335,2019-05-24,8.0,3517.0
17336,2019-05-24,9.0,3696.0
17337,2019-05-24,10.0,3641.0
17338,2019-05-24,11.0,3913.0
17339,2019-05-24,12.0,3672.0
17340,2019-05-24,13.0,3691.0
17341,2019-05-24,14.0,3486.0
17342,2019-05-24,15.0,3836.0
17343,2019-05-24,16.0,4185.0
17344,2019-05-24,17.0,4163.0
17345,2019-05-24,18.0,4085.0
17346,2019-05-24,19.0,4127.0
17347,2019-05-24,20.0,4138.0
17348,2019-05-24,21.0,3872.0
17349,2019-05-24,22.0,4213.0
17350,2019-05-24,23.0,3811.0
17351,2019-05-24,24.0,4645.0
17352,2019-05-25,1.0,-322.0
17353,2019-05-25,2.0,-569.0
17354,2019-05-25,3.0,-258.0
17355,2019-05-25,4.0,327.0
17356,2019-05-25,5.0,1062.0
17357,2019-05-25,6.0,1780.0
17358,2019-05-25,7.0,2986.0
17359,2019-05-25,8.0,3348.0
17360,2019-05-25,9.0,3997.0
17361,2019-05-25,10.0,4303.0
17362,2019-05-25,11.0,4796.0
17363,2019-05-25,12.0,4915.0
17364,2019-05-25,13.0,4935.0
17365,2019-05-25,14.0,4993.0
17366,2019-05-25,15.0,4890.0
17367,2019-05-25,16.0,3781.0
17368,2019-05-25,17.0,396.0
17369,2019-05-25,18.0,2676.0
17370,2019-05-25,19.0,3331.0
17371,2019-05-25,20.0,4575.0
17372,2019-05-25,21.0,4905.0
17373,2019-05-25,22.0,5825.0
17374,2019-05-25,23.0,5816.0
17375,2019-05-25,24.0,5003.0
17376,2019-05-26,1.0,-577.0
17377,2019-05-26,2.0,-539.0
17378,2019-05-26,3.0,-380.0
17379,2019-05-26,4.0,-34.0
17380,2019-05-26,5.0,431.0
17381,2019-05-26,6.0,1287.0
17382,2019-05-26,7.0,2389.0
17383,2019-05-26,8.0,2965.0
17384,2019-05-26,9.0,3541.0
17385,2019-05-26,10.0,421.0
17386,2019-05-26,11.0,511.0
17387,2019-05-26,12.0,422.0
17388,2019-05-26,13.0,411.0
17389,2019-05-26,14.0,426.0
17390,2019-05-26,15.0,403.0
17391,2019-05-26,16.0,31.0
17392,2019-05-26,17.0,6.0
17393,2019-05-26,18.0,11.0
17394,2019-05-26,19.0,2879.0
17395,2019-05-26,20.0,3636.0
17396,2019-05-26,21.0,4568.0
17397,2019-05-26,22.0,5587.0
17398,2019-05-26,23.0,5560.0
17399,2019-05-26,24.0,4930.0
17400,2019-05-27,1.0,-111.0
17401,2019-05-27,2.0,-152.0
17402,2019-05-27,3.0,-174.0
17403,2019-05-27,4.0,-49.0
17404,2019-05-27,5.0,458.0
17405,2019-05-27,6.0,1184.0
17406,2019-05-27,7.0,2406.0
17407,2019-05-27,8.0,2527.0
17408,2019-05-27,9.0,3038.0
17409,2019-05-27,10.0,3449.0
17410,2019-05-27,11.0,3345.0
17411,2019-05-27,12.0,3508.0
17412,2019-05-27,13.0,3396.0
17413,2019-05-27,14.0,3442.0
17414,2019-05-27,15.0,3303.0
17415,2019-05-27,16.0,3718.0
17416,2019-05-27,17.0,3845.0
17417,2019-05-27,18.0,4013.0
17418,2019-05-27,19.0,3889.0
17419,2019-05-27,20.0,3833.0
17420,2019-05-27,21.0,3769.0
17421,2019-05-27,22.0,3330.0
17422,2019-05-27,23.0,3588.0
17423,2019-05-27,24.0,3706.0
17424,2019-05-28,1.0,-892.0
17425,2019-05-28,2.0,-420.0
17426,2019-05-28,3.0,31.0
17427,2019-05-28,4.0,241.0
17428,2019-05-28,5.0,1071.0
17429,2019-05-28,6.0,2280.0
17430,2019-05-28,7.0,3069.0
17431,2019-05-28,8.0,3391.0
17432,2019-05-28,9.0,3558.0
17433,2019-05-28,10.0,3578.0
17434,2019-05-28,11.0,3387.0
17435,2019-05-28,12.0,3511.0
17436,2019-05-28,13.0,3559.0
17437,2019-05-28,14.0,3487.0
17438,2019-05-28,15.0,3657.0
17439,2019-05-28,16.0,3823.0
17440,2019-05-28,17.0,3816.0
17441,2019-05-28,18.0,4006.0
17442,2019-05-28,19.0,4447.0
17443,2019-05-28,20.0,4452.0
17444,2019-05-28,21.0,4135.0
17445,2019-05-28,22.0,3805.0
17446,2019-05-28,23.0,4077.0
17447,2019-05-28,24.0,4335.0
17448,2019-05-29,1.0,-399.0
17449,2019-05-29,2.0,-388.0
17450,2019-05-29,3.0,-436.0
17451,2019-05-29,4.0,-138.0
17452,2019-05-29,5.0,789.0
17453,2019-05-29,6.0,2049.0
17454,2019-05-29,7.0,3075.0
17455,2019-05-29,8.0,3690.0
17456,2019-05-29,9.0,3529.0
17457,2019-05-29,10.0,3658.0
17458,2019-05-29,11.0,3915.0
17459,2019-05-29,12.0,3877.0
17460,2019-05-29,13.0,3317.0
17461,2019-05-29,14.0,3425.0
17462,2019-05-29,15.0,3506.0
17463,2019-05-29,16.0,3958.0
17464,2019-05-29,17.0,3870.0
17465,2019-05-29,18.0,3816.0
17466,2019-05-29,19.0,3686.0
17467,2019-05-29,20.0,3527.0
17468,2019-05-29,21.0,3949.0
17469,2019-05-29,22.0,3425.0
17470,2019-05-29,23.0,3708.0
17471,2019-05-29,24.0,3999.0
17472,2019-05-30,1.0,-241.0
17473,2019-05-30,2.0,-454.0
17474,2019-05-30,3.0,-685.0
17475,2019-05-30,4.0,-35.0
17476,2019-05-30,5.0,661.0
17477,2019-05-30,6.0,1796.0
17478,2019-05-30,7.0,2756.0
17479,2019-05-30,8.0,2261.0
17480,2019-05-30,9.0,2207.0
17481,2019-05-30,10.0,2354.0
17482,2019-05-30,11.0,2336.0
17483,2019-05-30,12.0,2379.0
17484,2019-05-30,13.0,2436.0
17485,2019-05-30,14.0,2479.0
17486,2019-05-30,15.0,2516.0
17487,2019-05-30,16.0,2426.0
17488,2019-05-30,17.0,2572.0
17489,2019-05-30,18.0,2569.0
17490,2019-05-30,19.0,2598.0
17491,2019-05-30,20.0,2549.0
17492,2019-05-30,21.0,2415.0
17493,2019-05-30,22.0,2246.0
17494,2019-05-30,23.0,2670.0
17495,2019-05-30,24.0,3225.0
17496,2019-05-31,1.0,-154.0
17497,2019-05-31,2.0,-140.0
17498,2019-05-31,3.0,-269.0
17499,2019-05-31,4.0,-58.0
17500,2019-05-31,5.0,323.0
17501,2019-05-31,6.0,663.0
17502,2019-05-31,7.0,1192.0
17503,2019-05-31,8.0,1283.0
17504,2019-05-31,9.0,1546.0
17505,2019-05-31,10.0,1606.0
17506,2019-05-31,11.0,1475.0
17507,2019-05-31,12.0,1554.0
17508,2019-05-31,13.0,1485.0
17509,2019-05-31,14.0,1487.0
17510,2019-05-31,15.0,1562.0
17511,2019-05-31,16.0,1515.0
17512,2019-05-31,17.0,1811.0
17513,2019-05-31,18.0,1842.0
17514,2019-05-31,19.0,1847.0
17515,2019-05-31,20.0,1869.0
17516,2019-05-31,21.0,1719.0
17517,2019-05-31,22.0,1490.0
17518,2019-05-31,23.0,1718.0
17519,2019-05-31,24.0,1747.0
